{
	"info": {
		"_postman_id": "eb1abddc-42b1-4349-a27b-12d4d1badae2",
		"name": "API",
		"schema": "https://schema.getpostman.com/json/collection/v2.1.0/collection.json",
		"_exporter_id": "27283228"
	},
	"item": [
		{
			"name": "api",
			"item": [
				{
					"name": "articulos",
					"item": [
						{
							"name": "{articuloId}",
							"item": [
								{
									"name": "Get Articulo",
									"request": {
										"method": "GET",
										"header": [
											{
												"key": "Accept",
												"value": "text/plain"
											}
										],
										"url": {
											"raw": "{{baseUrl}}/api/articulos/:articuloId",
											"host": [
												"{{baseUrl}}"
											],
											"path": [
												"api",
												"articulos",
												":articuloId"
											],
											"variable": [
												{
													"key": "articuloId",
													"value": "<integer>"
												}
											]
										}
									},
									"response": [
										{
											"name": "Success",
											"originalRequest": {
												"method": "GET",
												"header": [
													{
														"key": "Accept",
														"value": "text/plain"
													}
												],
												"url": {
													"raw": "{{baseUrl}}/api/articulos/:articuloId",
													"host": [
														"{{baseUrl}}"
													],
													"path": [
														"api",
														"articulos",
														":articuloId"
													],
													"variable": [
														{
															"key": "articuloId"
														}
													]
												}
											},
											"status": "OK",
											"code": 200,
											"_postman_previewlanguage": "json",
											"header": [
												{
													"key": "Content-Type",
													"value": "application/json"
												}
											],
											"cookie": [],
											"body": "{\n  \"descripcion\": \"<string>\",\n  \"titulo\": \"<string>\",\n  \"articuloId\": \"<integer>\",\n  \"fechaCreacion\": \"<dateTime>\",\n  \"categoriaId\": \"<integer>\"\n}"
										},
										{
											"name": "Not Found",
											"originalRequest": {
												"method": "GET",
												"header": [
													{
														"key": "Accept",
														"value": "text/plain"
													}
												],
												"url": {
													"raw": "{{baseUrl}}/api/articulos/:articuloId",
													"host": [
														"{{baseUrl}}"
													],
													"path": [
														"api",
														"articulos",
														":articuloId"
													],
													"variable": [
														{
															"key": "articuloId"
														}
													]
												}
											},
											"status": "Not Found",
											"code": 404,
											"_postman_previewlanguage": "json",
											"header": [
												{
													"key": "Content-Type",
													"value": "application/json"
												}
											],
											"cookie": [],
											"body": "{\n  \"type\": \"<string>\",\n  \"title\": \"<string>\",\n  \"status\": \"<integer>\",\n  \"detail\": \"<string>\",\n  \"instance\": \"<string>\"\n}"
										}
									]
								},
								{
									"name": "Actualizar Patch Articulo",
									"request": {
										"method": "PATCH",
										"header": [
											{
												"key": "Content-Type",
												"value": "application/json"
											},
											{
												"key": "Accept",
												"value": "text/plain"
											}
										],
										"body": {
											"mode": "raw",
											"raw": "{\n  \"descripcion\": \"<string>\",\n  \"titulo\": \"<string>\",\n  \"articuloId\": \"<integer>\",\n  \"fechaCreacion\": \"<dateTime>\",\n  \"categoriaId\": \"<integer>\"\n}",
											"options": {
												"raw": {
													"headerFamily": "json",
													"language": "json"
												}
											}
										},
										"url": {
											"raw": "{{baseUrl}}/api/articulos/:articuloId",
											"host": [
												"{{baseUrl}}"
											],
											"path": [
												"api",
												"articulos",
												":articuloId"
											],
											"variable": [
												{
													"key": "articuloId",
													"value": "<integer>"
												}
											]
										}
									},
									"response": [
										{
											"name": "Created",
											"originalRequest": {
												"method": "PATCH",
												"header": [
													{
														"key": "Content-Type",
														"value": "application/json"
													},
													{
														"key": "Accept",
														"value": "text/plain"
													}
												],
												"body": {
													"mode": "raw",
													"raw": "{\n  \"descripcion\": \"<string>\",\n  \"titulo\": \"<string>\",\n  \"articuloId\": \"<integer>\",\n  \"fechaCreacion\": \"<dateTime>\",\n  \"categoriaId\": \"<integer>\"\n}",
													"options": {
														"raw": {
															"headerFamily": "json",
															"language": "json"
														}
													}
												},
												"url": {
													"raw": "{{baseUrl}}/api/articulos/:articuloId",
													"host": [
														"{{baseUrl}}"
													],
													"path": [
														"api",
														"articulos",
														":articuloId"
													],
													"variable": [
														{
															"key": "articuloId"
														}
													]
												}
											},
											"status": "Created",
											"code": 201,
											"_postman_previewlanguage": "json",
											"header": [
												{
													"key": "Content-Type",
													"value": "application/json"
												}
											],
											"cookie": [],
											"body": "{\n  \"descripcion\": \"<string>\",\n  \"titulo\": \"<string>\",\n  \"articuloId\": \"<integer>\",\n  \"fechaCreacion\": \"<dateTime>\",\n  \"categoriaId\": \"<integer>\"\n}"
										},
										{
											"name": "Not Found",
											"originalRequest": {
												"method": "PATCH",
												"header": [
													{
														"key": "Content-Type",
														"value": "application/json"
													},
													{
														"key": "Accept",
														"value": "text/plain"
													}
												],
												"body": {
													"mode": "raw",
													"raw": "{\n  \"descripcion\": \"<string>\",\n  \"titulo\": \"<string>\",\n  \"articuloId\": \"<integer>\",\n  \"fechaCreacion\": \"<dateTime>\",\n  \"categoriaId\": \"<integer>\"\n}",
													"options": {
														"raw": {
															"headerFamily": "json",
															"language": "json"
														}
													}
												},
												"url": {
													"raw": "{{baseUrl}}/api/articulos/:articuloId",
													"host": [
														"{{baseUrl}}"
													],
													"path": [
														"api",
														"articulos",
														":articuloId"
													],
													"variable": [
														{
															"key": "articuloId"
														}
													]
												}
											},
											"status": "Not Found",
											"code": 404,
											"_postman_previewlanguage": "json",
											"header": [
												{
													"key": "Content-Type",
													"value": "application/json"
												}
											],
											"cookie": [],
											"body": "{\n  \"type\": \"<string>\",\n  \"title\": \"<string>\",\n  \"status\": \"<integer>\",\n  \"detail\": \"<string>\",\n  \"instance\": \"<string>\"\n}"
										},
										{
											"name": "Server Error",
											"originalRequest": {
												"method": "PATCH",
												"header": [
													{
														"key": "Content-Type",
														"value": "application/json"
													}
												],
												"body": {
													"mode": "raw",
													"raw": "{\n  \"descripcion\": \"<string>\",\n  \"titulo\": \"<string>\",\n  \"articuloId\": \"<integer>\",\n  \"fechaCreacion\": \"<dateTime>\",\n  \"categoriaId\": \"<integer>\"\n}",
													"options": {
														"raw": {
															"headerFamily": "json",
															"language": "json"
														}
													}
												},
												"url": {
													"raw": "{{baseUrl}}/api/articulos/:articuloId",
													"host": [
														"{{baseUrl}}"
													],
													"path": [
														"api",
														"articulos",
														":articuloId"
													],
													"variable": [
														{
															"key": "articuloId"
														}
													]
												}
											},
											"status": "Internal Server Error",
											"code": 500,
											"_postman_previewlanguage": "text",
											"header": [],
											"cookie": [],
											"body": ""
										}
									]
								},
								{
									"name": "Borrar Articulo",
									"request": {
										"method": "DELETE",
										"header": [
											{
												"key": "Accept",
												"value": "text/plain"
											}
										],
										"url": {
											"raw": "{{baseUrl}}/api/articulos/:articuloId",
											"host": [
												"{{baseUrl}}"
											],
											"path": [
												"api",
												"articulos",
												":articuloId"
											],
											"variable": [
												{
													"key": "articuloId",
													"value": "<integer>"
												}
											]
										}
									},
									"response": [
										{
											"name": "No Content",
											"originalRequest": {
												"method": "DELETE",
												"header": [],
												"url": {
													"raw": "{{baseUrl}}/api/articulos/:articuloId",
													"host": [
														"{{baseUrl}}"
													],
													"path": [
														"api",
														"articulos",
														":articuloId"
													],
													"variable": [
														{
															"key": "articuloId"
														}
													]
												}
											},
											"status": "No Content",
											"code": 204,
											"_postman_previewlanguage": "text",
											"header": [],
											"cookie": [],
											"body": ""
										},
										{
											"name": "Forbidden",
											"originalRequest": {
												"method": "DELETE",
												"header": [
													{
														"key": "Accept",
														"value": "text/plain"
													}
												],
												"url": {
													"raw": "{{baseUrl}}/api/articulos/:articuloId",
													"host": [
														"{{baseUrl}}"
													],
													"path": [
														"api",
														"articulos",
														":articuloId"
													],
													"variable": [
														{
															"key": "articuloId"
														}
													]
												}
											},
											"status": "Forbidden",
											"code": 403,
											"_postman_previewlanguage": "json",
											"header": [
												{
													"key": "Content-Type",
													"value": "application/json"
												}
											],
											"cookie": [],
											"body": "{\n  \"type\": \"<string>\",\n  \"title\": \"<string>\",\n  \"status\": \"<integer>\",\n  \"detail\": \"<string>\",\n  \"instance\": \"<string>\"\n}"
										},
										{
											"name": "Not Found",
											"originalRequest": {
												"method": "DELETE",
												"header": [
													{
														"key": "Accept",
														"value": "text/plain"
													}
												],
												"url": {
													"raw": "{{baseUrl}}/api/articulos/:articuloId",
													"host": [
														"{{baseUrl}}"
													],
													"path": [
														"api",
														"articulos",
														":articuloId"
													],
													"variable": [
														{
															"key": "articuloId"
														}
													]
												}
											},
											"status": "Not Found",
											"code": 404,
											"_postman_previewlanguage": "json",
											"header": [
												{
													"key": "Content-Type",
													"value": "application/json"
												}
											],
											"cookie": [],
											"body": "{\n  \"type\": \"<string>\",\n  \"title\": \"<string>\",\n  \"status\": \"<integer>\",\n  \"detail\": \"<string>\",\n  \"instance\": \"<string>\"\n}"
										}
									]
								}
							]
						},
						{
							"name": "GetArticulosPorCategoria",
							"item": [
								{
									"name": "{categoriaId}",
									"item": [
										{
											"name": "/api/articulos/GetArticulosPorCategoria/:categoriaId",
											"request": {
												"method": "GET",
												"header": [
													{
														"key": "Accept",
														"value": "text/plain"
													}
												],
												"url": {
													"raw": "{{baseUrl}}/api/articulos/GetArticulosPorCategoria/:categoriaId",
													"host": [
														"{{baseUrl}}"
													],
													"path": [
														"api",
														"articulos",
														"GetArticulosPorCategoria",
														":categoriaId"
													],
													"variable": [
														{
															"key": "categoriaId",
															"value": "<integer>"
														}
													]
												}
											},
											"response": [
												{
													"name": "No Content",
													"originalRequest": {
														"method": "GET",
														"header": [],
														"url": {
															"raw": "{{baseUrl}}/api/articulos/GetArticulosPorCategoria/:categoriaId",
															"host": [
																"{{baseUrl}}"
															],
															"path": [
																"api",
																"articulos",
																"GetArticulosPorCategoria",
																":categoriaId"
															],
															"variable": [
																{
																	"key": "categoriaId"
																}
															]
														}
													},
													"status": "No Content",
													"code": 204,
													"_postman_previewlanguage": "text",
													"header": [],
													"cookie": [],
													"body": ""
												},
												{
													"name": "Forbidden",
													"originalRequest": {
														"method": "GET",
														"header": [
															{
																"key": "Accept",
																"value": "text/plain"
															}
														],
														"url": {
															"raw": "{{baseUrl}}/api/articulos/GetArticulosPorCategoria/:categoriaId",
															"host": [
																"{{baseUrl}}"
															],
															"path": [
																"api",
																"articulos",
																"GetArticulosPorCategoria",
																":categoriaId"
															],
															"variable": [
																{
																	"key": "categoriaId"
																}
															]
														}
													},
													"status": "Forbidden",
													"code": 403,
													"_postman_previewlanguage": "json",
													"header": [
														{
															"key": "Content-Type",
															"value": "application/json"
														}
													],
													"cookie": [],
													"body": "{\n  \"type\": \"<string>\",\n  \"title\": \"<string>\",\n  \"status\": \"<integer>\",\n  \"detail\": \"<string>\",\n  \"instance\": \"<string>\"\n}"
												},
												{
													"name": "Not Found",
													"originalRequest": {
														"method": "GET",
														"header": [
															{
																"key": "Accept",
																"value": "text/plain"
															}
														],
														"url": {
															"raw": "{{baseUrl}}/api/articulos/GetArticulosPorCategoria/:categoriaId",
															"host": [
																"{{baseUrl}}"
															],
															"path": [
																"api",
																"articulos",
																"GetArticulosPorCategoria",
																":categoriaId"
															],
															"variable": [
																{
																	"key": "categoriaId"
																}
															]
														}
													},
													"status": "Not Found",
													"code": 404,
													"_postman_previewlanguage": "json",
													"header": [
														{
															"key": "Content-Type",
															"value": "application/json"
														}
													],
													"cookie": [],
													"body": "{\n  \"type\": \"<string>\",\n  \"title\": \"<string>\",\n  \"status\": \"<integer>\",\n  \"detail\": \"<string>\",\n  \"instance\": \"<string>\"\n}"
												}
											]
										}
									]
								}
							]
						},
						{
							"name": "BuscarArticulos",
							"item": [
								{
									"name": "/api/articulos/BuscarArticulos",
									"request": {
										"method": "GET",
										"header": [
											{
												"key": "Accept",
												"value": "text/plain"
											}
										],
										"url": {
											"raw": "{{baseUrl}}/api/articulos/BuscarArticulos?titulo=<string>",
											"host": [
												"{{baseUrl}}"
											],
											"path": [
												"api",
												"articulos",
												"BuscarArticulos"
											],
											"query": [
												{
													"key": "titulo",
													"value": "<string>"
												}
											]
										}
									},
									"response": [
										{
											"name": "No Content",
											"originalRequest": {
												"method": "GET",
												"header": [],
												"url": {
													"raw": "{{baseUrl}}/api/articulos/BuscarArticulos?titulo=<string>",
													"host": [
														"{{baseUrl}}"
													],
													"path": [
														"api",
														"articulos",
														"BuscarArticulos"
													],
													"query": [
														{
															"key": "titulo",
															"value": "<string>"
														}
													]
												}
											},
											"status": "No Content",
											"code": 204,
											"_postman_previewlanguage": "text",
											"header": [],
											"cookie": [],
											"body": ""
										},
										{
											"name": "Forbidden",
											"originalRequest": {
												"method": "GET",
												"header": [
													{
														"key": "Accept",
														"value": "text/plain"
													}
												],
												"url": {
													"raw": "{{baseUrl}}/api/articulos/BuscarArticulos?titulo=<string>",
													"host": [
														"{{baseUrl}}"
													],
													"path": [
														"api",
														"articulos",
														"BuscarArticulos"
													],
													"query": [
														{
															"key": "titulo",
															"value": "<string>"
														}
													]
												}
											},
											"status": "Forbidden",
											"code": 403,
											"_postman_previewlanguage": "json",
											"header": [
												{
													"key": "Content-Type",
													"value": "application/json"
												}
											],
											"cookie": [],
											"body": "{\n  \"type\": \"<string>\",\n  \"title\": \"<string>\",\n  \"status\": \"<integer>\",\n  \"detail\": \"<string>\",\n  \"instance\": \"<string>\"\n}"
										},
										{
											"name": "Not Found",
											"originalRequest": {
												"method": "GET",
												"header": [
													{
														"key": "Accept",
														"value": "text/plain"
													}
												],
												"url": {
													"raw": "{{baseUrl}}/api/articulos/BuscarArticulos?titulo=<string>",
													"host": [
														"{{baseUrl}}"
													],
													"path": [
														"api",
														"articulos",
														"BuscarArticulos"
													],
													"query": [
														{
															"key": "titulo",
															"value": "<string>"
														}
													]
												}
											},
											"status": "Not Found",
											"code": 404,
											"_postman_previewlanguage": "json",
											"header": [
												{
													"key": "Content-Type",
													"value": "application/json"
												}
											],
											"cookie": [],
											"body": "{\n  \"type\": \"<string>\",\n  \"title\": \"<string>\",\n  \"status\": \"<integer>\",\n  \"detail\": \"<string>\",\n  \"instance\": \"<string>\"\n}"
										}
									]
								}
							]
						},
						{
							"name": "/api/articulos",
							"request": {
								"method": "GET",
								"header": [
									{
										"key": "Accept",
										"value": "text/plain"
									}
								],
								"url": {
									"raw": "{{baseUrl}}/api/articulos",
									"host": [
										"{{baseUrl}}"
									],
									"path": [
										"api",
										"articulos"
									]
								}
							},
							"response": [
								{
									"name": "Success",
									"originalRequest": {
										"method": "GET",
										"header": [
											{
												"key": "Accept",
												"value": "text/plain"
											}
										],
										"url": {
											"raw": "{{baseUrl}}/api/articulos",
											"host": [
												"{{baseUrl}}"
											],
											"path": [
												"api",
												"articulos"
											]
										}
									},
									"status": "OK",
									"code": 200,
									"_postman_previewlanguage": "json",
									"header": [
										{
											"key": "Content-Type",
											"value": "application/json"
										}
									],
									"cookie": [],
									"body": "[\n  {\n    \"descripcion\": \"<string>\",\n    \"titulo\": \"<string>\",\n    \"articuloId\": \"<integer>\",\n    \"fechaCreacion\": \"<dateTime>\",\n    \"categoriaId\": \"<integer>\"\n  },\n  {\n    \"descripcion\": \"<string>\",\n    \"titulo\": \"<string>\",\n    \"articuloId\": \"<integer>\",\n    \"fechaCreacion\": \"<dateTime>\",\n    \"categoriaId\": \"<integer>\"\n  }\n]"
								},
								{
									"name": "Bad Request",
									"originalRequest": {
										"method": "GET",
										"header": [
											{
												"key": "Accept",
												"value": "text/plain"
											}
										],
										"url": {
											"raw": "{{baseUrl}}/api/articulos",
											"host": [
												"{{baseUrl}}"
											],
											"path": [
												"api",
												"articulos"
											]
										}
									},
									"status": "Bad Request",
									"code": 400,
									"_postman_previewlanguage": "json",
									"header": [
										{
											"key": "Content-Type",
											"value": "application/json"
										}
									],
									"cookie": [],
									"body": "{\n  \"type\": \"<string>\",\n  \"title\": \"<string>\",\n  \"status\": \"<integer>\",\n  \"detail\": \"<string>\",\n  \"instance\": \"<string>\"\n}"
								}
							]
						},
						{
							"name": "/api/articulos",
							"request": {
								"method": "POST",
								"header": [
									{
										"key": "Content-Type",
										"value": "application/json"
									},
									{
										"key": "Accept",
										"value": "text/plain"
									}
								],
								"body": {
									"mode": "raw",
									"raw": "{\n  \"descripcion\": \"<string>\",\n  \"titulo\": \"<string>\",\n  \"articuloId\": \"<integer>\",\n  \"fechaCreacion\": \"<dateTime>\",\n  \"categoriaId\": \"<integer>\"\n}",
									"options": {
										"raw": {
											"headerFamily": "json",
											"language": "json"
										}
									}
								},
								"url": {
									"raw": "{{baseUrl}}/api/articulos",
									"host": [
										"{{baseUrl}}"
									],
									"path": [
										"api",
										"articulos"
									]
								}
							},
							"response": [
								{
									"name": "Created",
									"originalRequest": {
										"method": "POST",
										"header": [
											{
												"key": "Content-Type",
												"value": "application/json"
											},
											{
												"key": "Accept",
												"value": "text/plain"
											}
										],
										"body": {
											"mode": "raw",
											"raw": "{\n  \"descripcion\": \"<string>\",\n  \"titulo\": \"<string>\",\n  \"articuloId\": \"<integer>\",\n  \"fechaCreacion\": \"<dateTime>\",\n  \"categoriaId\": \"<integer>\"\n}",
											"options": {
												"raw": {
													"headerFamily": "json",
													"language": "json"
												}
											}
										},
										"url": {
											"raw": "{{baseUrl}}/api/articulos",
											"host": [
												"{{baseUrl}}"
											],
											"path": [
												"api",
												"articulos"
											]
										}
									},
									"status": "Created",
									"code": 201,
									"_postman_previewlanguage": "json",
									"header": [
										{
											"key": "Content-Type",
											"value": "application/json"
										}
									],
									"cookie": [],
									"body": "{\n  \"descripcion\": \"<string>\",\n  \"titulo\": \"<string>\",\n  \"articuloId\": \"<integer>\",\n  \"fechaCreacion\": \"<dateTime>\",\n  \"categoriaId\": \"<integer>\"\n}"
								},
								{
									"name": "Bad Request",
									"originalRequest": {
										"method": "POST",
										"header": [
											{
												"key": "Content-Type",
												"value": "application/json"
											},
											{
												"key": "Accept",
												"value": "text/plain"
											}
										],
										"body": {
											"mode": "raw",
											"raw": "{\n  \"descripcion\": \"<string>\",\n  \"titulo\": \"<string>\",\n  \"articuloId\": \"<integer>\",\n  \"fechaCreacion\": \"<dateTime>\",\n  \"categoriaId\": \"<integer>\"\n}",
											"options": {
												"raw": {
													"headerFamily": "json",
													"language": "json"
												}
											}
										},
										"url": {
											"raw": "{{baseUrl}}/api/articulos",
											"host": [
												"{{baseUrl}}"
											],
											"path": [
												"api",
												"articulos"
											]
										}
									},
									"status": "Bad Request",
									"code": 400,
									"_postman_previewlanguage": "json",
									"header": [
										{
											"key": "Content-Type",
											"value": "application/json"
										}
									],
									"cookie": [],
									"body": "{\n  \"type\": \"<string>\",\n  \"title\": \"<string>\",\n  \"status\": \"<integer>\",\n  \"detail\": \"<string>\",\n  \"instance\": \"<string>\"\n}"
								},
								{
									"name": "Server Error",
									"originalRequest": {
										"method": "POST",
										"header": [
											{
												"key": "Content-Type",
												"value": "application/json"
											}
										],
										"body": {
											"mode": "raw",
											"raw": "{\n  \"descripcion\": \"<string>\",\n  \"titulo\": \"<string>\",\n  \"articuloId\": \"<integer>\",\n  \"fechaCreacion\": \"<dateTime>\",\n  \"categoriaId\": \"<integer>\"\n}",
											"options": {
												"raw": {
													"headerFamily": "json",
													"language": "json"
												}
											}
										},
										"url": {
											"raw": "{{baseUrl}}/api/articulos",
											"host": [
												"{{baseUrl}}"
											],
											"path": [
												"api",
												"articulos"
											]
										}
									},
									"status": "Internal Server Error",
									"code": 500,
									"_postman_previewlanguage": "text",
									"header": [],
									"cookie": [],
									"body": ""
								}
							]
						}
					]
				},
				{
					"name": "categorias",
					"item": [
						{
							"name": "(categoriaId:int)",
							"item": [
								{
									"name": "Get Categoria",
									"request": {
										"method": "GET",
										"header": [
											{
												"key": "Accept",
												"value": "text/plain"
											}
										],
										"url": {
											"raw": "{{baseUrl}}/api/categorias/(categoriaId:int)?categoriaId=<integer>",
											"host": [
												"{{baseUrl}}"
											],
											"path": [
												"api",
												"categorias",
												"(categoriaId:int)"
											],
											"query": [
												{
													"key": "categoriaId",
													"value": "<integer>"
												}
											]
										}
									},
									"response": [
										{
											"name": "Success",
											"originalRequest": {
												"method": "GET",
												"header": [
													{
														"key": "Accept",
														"value": "text/plain"
													}
												],
												"url": {
													"raw": "{{baseUrl}}/api/categorias/(categoriaId:int)?categoriaId=<integer>",
													"host": [
														"{{baseUrl}}"
													],
													"path": [
														"api",
														"categorias",
														"(categoriaId:int)"
													],
													"query": [
														{
															"key": "categoriaId",
															"value": "<integer>"
														}
													]
												}
											},
											"status": "OK",
											"code": 200,
											"_postman_previewlanguage": "json",
											"header": [
												{
													"key": "Content-Type",
													"value": "application/json"
												}
											],
											"cookie": [],
											"body": "{\n  \"nombre\": \"<string>\",\n  \"id\": \"<integer>\"\n}"
										},
										{
											"name": "Not Found",
											"originalRequest": {
												"method": "GET",
												"header": [
													{
														"key": "Accept",
														"value": "text/plain"
													}
												],
												"url": {
													"raw": "{{baseUrl}}/api/categorias/(categoriaId:int)?categoriaId=<integer>",
													"host": [
														"{{baseUrl}}"
													],
													"path": [
														"api",
														"categorias",
														"(categoriaId:int)"
													],
													"query": [
														{
															"key": "categoriaId",
															"value": "<integer>"
														}
													]
												}
											},
											"status": "Not Found",
											"code": 404,
											"_postman_previewlanguage": "json",
											"header": [
												{
													"key": "Content-Type",
													"value": "application/json"
												}
											],
											"cookie": [],
											"body": "{\n  \"type\": \"<string>\",\n  \"title\": \"<string>\",\n  \"status\": \"<integer>\",\n  \"detail\": \"<string>\",\n  \"instance\": \"<string>\"\n}"
										},
										{
											"name": "Server Error",
											"originalRequest": {
												"method": "GET",
												"header": [],
												"url": {
													"raw": "{{baseUrl}}/api/categorias/(categoriaId:int)?categoriaId=<integer>",
													"host": [
														"{{baseUrl}}"
													],
													"path": [
														"api",
														"categorias",
														"(categoriaId:int)"
													],
													"query": [
														{
															"key": "categoriaId",
															"value": "<integer>"
														}
													]
												}
											},
											"status": "Internal Server Error",
											"code": 500,
											"_postman_previewlanguage": "text",
											"header": [],
											"cookie": [],
											"body": ""
										}
									]
								}
							]
						},
						{
							"name": "{categoriaId}",
							"item": [
								{
									"name": "Actualizar Patch Categoria",
									"request": {
										"method": "PATCH",
										"header": [
											{
												"key": "Content-Type",
												"value": "application/json"
											},
											{
												"key": "Accept",
												"value": "text/plain"
											}
										],
										"body": {
											"mode": "raw",
											"raw": "{\n  \"nombre\": \"<string>\",\n  \"id\": \"<integer>\"\n}",
											"options": {
												"raw": {
													"headerFamily": "json",
													"language": "json"
												}
											}
										},
										"url": {
											"raw": "{{baseUrl}}/api/categorias/:categoriaId",
											"host": [
												"{{baseUrl}}"
											],
											"path": [
												"api",
												"categorias",
												":categoriaId"
											],
											"variable": [
												{
													"key": "categoriaId",
													"value": "<integer>"
												}
											]
										}
									},
									"response": [
										{
											"name": "Created",
											"originalRequest": {
												"method": "PATCH",
												"header": [
													{
														"key": "Content-Type",
														"value": "application/json"
													},
													{
														"key": "Accept",
														"value": "text/plain"
													}
												],
												"body": {
													"mode": "raw",
													"raw": "{\n  \"nombre\": \"<string>\",\n  \"id\": \"<integer>\"\n}",
													"options": {
														"raw": {
															"headerFamily": "json",
															"language": "json"
														}
													}
												},
												"url": {
													"raw": "{{baseUrl}}/api/categorias/:categoriaId",
													"host": [
														"{{baseUrl}}"
													],
													"path": [
														"api",
														"categorias",
														":categoriaId"
													],
													"variable": [
														{
															"key": "categoriaId"
														}
													]
												}
											},
											"status": "Created",
											"code": 201,
											"_postman_previewlanguage": "json",
											"header": [
												{
													"key": "Content-Type",
													"value": "application/json"
												}
											],
											"cookie": [],
											"body": "{\n  \"nombre\": \"<string>\",\n  \"id\": \"<integer>\"\n}"
										},
										{
											"name": "Not Found",
											"originalRequest": {
												"method": "PATCH",
												"header": [
													{
														"key": "Content-Type",
														"value": "application/json"
													},
													{
														"key": "Accept",
														"value": "text/plain"
													}
												],
												"body": {
													"mode": "raw",
													"raw": "{\n  \"nombre\": \"<string>\",\n  \"id\": \"<integer>\"\n}",
													"options": {
														"raw": {
															"headerFamily": "json",
															"language": "json"
														}
													}
												},
												"url": {
													"raw": "{{baseUrl}}/api/categorias/:categoriaId",
													"host": [
														"{{baseUrl}}"
													],
													"path": [
														"api",
														"categorias",
														":categoriaId"
													],
													"variable": [
														{
															"key": "categoriaId"
														}
													]
												}
											},
											"status": "Not Found",
											"code": 404,
											"_postman_previewlanguage": "json",
											"header": [
												{
													"key": "Content-Type",
													"value": "application/json"
												}
											],
											"cookie": [],
											"body": "{\n  \"type\": \"<string>\",\n  \"title\": \"<string>\",\n  \"status\": \"<integer>\",\n  \"detail\": \"<string>\",\n  \"instance\": \"<string>\"\n}"
										},
										{
											"name": "Server Error",
											"originalRequest": {
												"method": "PATCH",
												"header": [
													{
														"key": "Content-Type",
														"value": "application/json"
													}
												],
												"body": {
													"mode": "raw",
													"raw": "{\n  \"nombre\": \"<string>\",\n  \"id\": \"<integer>\"\n}",
													"options": {
														"raw": {
															"headerFamily": "json",
															"language": "json"
														}
													}
												},
												"url": {
													"raw": "{{baseUrl}}/api/categorias/:categoriaId",
													"host": [
														"{{baseUrl}}"
													],
													"path": [
														"api",
														"categorias",
														":categoriaId"
													],
													"variable": [
														{
															"key": "categoriaId"
														}
													]
												}
											},
											"status": "Internal Server Error",
											"code": 500,
											"_postman_previewlanguage": "text",
											"header": [],
											"cookie": [],
											"body": ""
										}
									]
								},
								{
									"name": "Borrar Categoria",
									"request": {
										"method": "DELETE",
										"header": [
											{
												"key": "Accept",
												"value": "text/plain"
											}
										],
										"url": {
											"raw": "{{baseUrl}}/api/categorias/:categoriaId",
											"host": [
												"{{baseUrl}}"
											],
											"path": [
												"api",
												"categorias",
												":categoriaId"
											],
											"variable": [
												{
													"key": "categoriaId",
													"value": "<integer>"
												}
											]
										}
									},
									"response": [
										{
											"name": "No Content",
											"originalRequest": {
												"method": "DELETE",
												"header": [],
												"url": {
													"raw": "{{baseUrl}}/api/categorias/:categoriaId",
													"host": [
														"{{baseUrl}}"
													],
													"path": [
														"api",
														"categorias",
														":categoriaId"
													],
													"variable": [
														{
															"key": "categoriaId"
														}
													]
												}
											},
											"status": "No Content",
											"code": 204,
											"_postman_previewlanguage": "text",
											"header": [],
											"cookie": [],
											"body": ""
										},
										{
											"name": "Bad Request",
											"originalRequest": {
												"method": "DELETE",
												"header": [
													{
														"key": "Accept",
														"value": "text/plain"
													}
												],
												"url": {
													"raw": "{{baseUrl}}/api/categorias/:categoriaId",
													"host": [
														"{{baseUrl}}"
													],
													"path": [
														"api",
														"categorias",
														":categoriaId"
													],
													"variable": [
														{
															"key": "categoriaId"
														}
													]
												}
											},
											"status": "Bad Request",
											"code": 400,
											"_postman_previewlanguage": "json",
											"header": [
												{
													"key": "Content-Type",
													"value": "application/json"
												}
											],
											"cookie": [],
											"body": "{\n  \"type\": \"<string>\",\n  \"title\": \"<string>\",\n  \"status\": \"<integer>\",\n  \"detail\": \"<string>\",\n  \"instance\": \"<string>\"\n}"
										},
										{
											"name": "Forbidden",
											"originalRequest": {
												"method": "DELETE",
												"header": [
													{
														"key": "Accept",
														"value": "text/plain"
													}
												],
												"url": {
													"raw": "{{baseUrl}}/api/categorias/:categoriaId",
													"host": [
														"{{baseUrl}}"
													],
													"path": [
														"api",
														"categorias",
														":categoriaId"
													],
													"variable": [
														{
															"key": "categoriaId"
														}
													]
												}
											},
											"status": "Forbidden",
											"code": 403,
											"_postman_previewlanguage": "json",
											"header": [
												{
													"key": "Content-Type",
													"value": "application/json"
												}
											],
											"cookie": [],
											"body": "{\n  \"type\": \"<string>\",\n  \"title\": \"<string>\",\n  \"status\": \"<integer>\",\n  \"detail\": \"<string>\",\n  \"instance\": \"<string>\"\n}"
										},
										{
											"name": "Not Found",
											"originalRequest": {
												"method": "DELETE",
												"header": [
													{
														"key": "Accept",
														"value": "text/plain"
													}
												],
												"url": {
													"raw": "{{baseUrl}}/api/categorias/:categoriaId",
													"host": [
														"{{baseUrl}}"
													],
													"path": [
														"api",
														"categorias",
														":categoriaId"
													],
													"variable": [
														{
															"key": "categoriaId"
														}
													]
												}
											},
											"status": "Not Found",
											"code": 404,
											"_postman_previewlanguage": "json",
											"header": [
												{
													"key": "Content-Type",
													"value": "application/json"
												}
											],
											"cookie": [],
											"body": "{\n  \"type\": \"<string>\",\n  \"title\": \"<string>\",\n  \"status\": \"<integer>\",\n  \"detail\": \"<string>\",\n  \"instance\": \"<string>\"\n}"
										}
									]
								}
							]
						},
						{
							"name": "/api/categorias",
							"request": {
								"method": "GET",
								"header": [
									{
										"key": "Accept",
										"value": "text/plain"
									}
								],
								"url": {
									"raw": "{{baseUrl}}/api/categorias",
									"host": [
										"{{baseUrl}}"
									],
									"path": [
										"api",
										"categorias"
									]
								}
							},
							"response": [
								{
									"name": "Success",
									"originalRequest": {
										"method": "GET",
										"header": [
											{
												"key": "Accept",
												"value": "text/plain"
											}
										],
										"url": {
											"raw": "{{baseUrl}}/api/categorias",
											"host": [
												"{{baseUrl}}"
											],
											"path": [
												"api",
												"categorias"
											]
										}
									},
									"status": "OK",
									"code": 200,
									"_postman_previewlanguage": "json",
									"header": [
										{
											"key": "Content-Type",
											"value": "application/json"
										}
									],
									"cookie": [],
									"body": "[\n  {\n    \"nombre\": \"<string>\",\n    \"id\": \"<integer>\"\n  },\n  {\n    \"nombre\": \"<string>\",\n    \"id\": \"<integer>\"\n  }\n]"
								},
								{
									"name": "Bad Request",
									"originalRequest": {
										"method": "GET",
										"header": [
											{
												"key": "Accept",
												"value": "text/plain"
											}
										],
										"url": {
											"raw": "{{baseUrl}}/api/categorias",
											"host": [
												"{{baseUrl}}"
											],
											"path": [
												"api",
												"categorias"
											]
										}
									},
									"status": "Bad Request",
									"code": 400,
									"_postman_previewlanguage": "json",
									"header": [
										{
											"key": "Content-Type",
											"value": "application/json"
										}
									],
									"cookie": [],
									"body": "{\n  \"type\": \"<string>\",\n  \"title\": \"<string>\",\n  \"status\": \"<integer>\",\n  \"detail\": \"<string>\",\n  \"instance\": \"<string>\"\n}"
								}
							]
						},
						{
							"name": "/api/categorias",
							"request": {
								"method": "POST",
								"header": [
									{
										"key": "Content-Type",
										"value": "application/json"
									},
									{
										"key": "Accept",
										"value": "text/plain"
									}
								],
								"body": {
									"mode": "raw",
									"raw": "{\n  \"nombre\": \"<string>\"\n}",
									"options": {
										"raw": {
											"headerFamily": "json",
											"language": "json"
										}
									}
								},
								"url": {
									"raw": "{{baseUrl}}/api/categorias",
									"host": [
										"{{baseUrl}}"
									],
									"path": [
										"api",
										"categorias"
									]
								}
							},
							"response": [
								{
									"name": "Created",
									"originalRequest": {
										"method": "POST",
										"header": [
											{
												"key": "Content-Type",
												"value": "application/json"
											},
											{
												"key": "Accept",
												"value": "text/plain"
											}
										],
										"body": {
											"mode": "raw",
											"raw": "{\n  \"nombre\": \"<string>\"\n}",
											"options": {
												"raw": {
													"headerFamily": "json",
													"language": "json"
												}
											}
										},
										"url": {
											"raw": "{{baseUrl}}/api/categorias",
											"host": [
												"{{baseUrl}}"
											],
											"path": [
												"api",
												"categorias"
											]
										}
									},
									"status": "Created",
									"code": 201,
									"_postman_previewlanguage": "json",
									"header": [
										{
											"key": "Content-Type",
											"value": "application/json"
										}
									],
									"cookie": [],
									"body": "{\n  \"nombre\": \"<string>\",\n  \"id\": \"<integer>\"\n}"
								},
								{
									"name": "Not Found",
									"originalRequest": {
										"method": "POST",
										"header": [
											{
												"key": "Content-Type",
												"value": "application/json"
											},
											{
												"key": "Accept",
												"value": "text/plain"
											}
										],
										"body": {
											"mode": "raw",
											"raw": "{\n  \"nombre\": \"<string>\"\n}",
											"options": {
												"raw": {
													"headerFamily": "json",
													"language": "json"
												}
											}
										},
										"url": {
											"raw": "{{baseUrl}}/api/categorias",
											"host": [
												"{{baseUrl}}"
											],
											"path": [
												"api",
												"categorias"
											]
										}
									},
									"status": "Not Found",
									"code": 404,
									"_postman_previewlanguage": "json",
									"header": [
										{
											"key": "Content-Type",
											"value": "application/json"
										}
									],
									"cookie": [],
									"body": "{\n  \"type\": \"<string>\",\n  \"title\": \"<string>\",\n  \"status\": \"<integer>\",\n  \"detail\": \"<string>\",\n  \"instance\": \"<string>\"\n}"
								},
								{
									"name": "Server Error",
									"originalRequest": {
										"method": "POST",
										"header": [
											{
												"key": "Content-Type",
												"value": "application/json"
											}
										],
										"body": {
											"mode": "raw",
											"raw": "{\n  \"nombre\": \"<string>\"\n}",
											"options": {
												"raw": {
													"headerFamily": "json",
													"language": "json"
												}
											}
										},
										"url": {
											"raw": "{{baseUrl}}/api/categorias",
											"host": [
												"{{baseUrl}}"
											],
											"path": [
												"api",
												"categorias"
											]
										}
									},
									"status": "Internal Server Error",
									"code": 500,
									"_postman_previewlanguage": "text",
									"header": [],
									"cookie": [],
									"body": ""
								}
							]
						}
					]
				}
			]
		},
		{
			"name": "User",
			"item": [
				{
					"name": "authenticate",
					"item": [
						{
							"name": "/User/authenticate",
							"request": {
								"method": "POST",
								"header": [
									{
										"key": "Content-Type",
										"value": "application/json"
									}
								],
								"body": {
									"mode": "raw",
									"raw": "{\n  \"password\": \"<string>\",\n  \"username\": \"<string>\"\n}",
									"options": {
										"raw": {
											"headerFamily": "json",
											"language": "json"
										}
									}
								},
								"url": {
									"raw": "{{baseUrl}}/User/authenticate",
									"host": [
										"{{baseUrl}}"
									],
									"path": [
										"User",
										"authenticate"
									]
								}
							},
							"response": [
								{
									"name": "Success",
									"originalRequest": {
										"method": "POST",
										"header": [
											{
												"key": "Content-Type",
												"value": "application/json"
											}
										],
										"body": {
											"mode": "raw",
											"raw": "{\n  \"password\": \"<string>\",\n  \"username\": \"<string>\"\n}",
											"options": {
												"raw": {
													"headerFamily": "json",
													"language": "json"
												}
											}
										},
										"url": {
											"raw": "{{baseUrl}}/User/authenticate",
											"host": [
												"{{baseUrl}}"
											],
											"path": [
												"User",
												"authenticate"
											]
										}
									},
									"status": "OK",
									"code": 200,
									"_postman_previewlanguage": "text",
									"header": [],
									"cookie": [],
									"body": ""
								}
							]
						}
					]
				},
				{
					"name": "/User",
					"request": {
						"method": "GET",
						"header": [],
						"url": {
							"raw": "{{baseUrl}}/User",
							"host": [
								"{{baseUrl}}"
							],
							"path": [
								"User"
							]
						}
					},
					"response": [
						{
							"name": "Success",
							"originalRequest": {
								"method": "GET",
								"header": [],
								"url": {
									"raw": "{{baseUrl}}/User",
									"host": [
										"{{baseUrl}}"
									],
									"path": [
										"User"
									]
								}
							},
							"status": "OK",
							"code": 200,
							"_postman_previewlanguage": "text",
							"header": [],
							"cookie": [],
							"body": ""
						}
					]
				}
			]
		}
	],
	"auth": {
		"type": "jwt",
		"jwt": [
			{
				"key": "secret",
				"value": "dfhkahsd82345u3457345ighfghsdgusfdg8973245kjsfdgnadsf38",
				"type": "string"
			},
			{
				"key": "algorithm",
				"value": "HS256",
				"type": "string"
			},
			{
				"key": "isSecretBase64Encoded",
				"value": false,
				"type": "boolean"
			},
			{
				"key": "payload",
				"value": "{}",
				"type": "string"
			},
			{
				"key": "addTokenTo",
				"value": "header",
				"type": "string"
			},
			{
				"key": "headerPrefix",
				"value": "Bearer",
				"type": "string"
			},
			{
				"key": "queryParamKey",
				"value": "token",
				"type": "string"
			},
			{
				"key": "header",
				"value": "{}",
				"type": "string"
			}
		]
	},
	"event": [
		{
			"listen": "prerequest",
			"script": {
				"type": "text/javascript",
				"exec": [
					""
				]
			}
		},
		{
			"listen": "test",
			"script": {
				"type": "text/javascript",
				"exec": [
					""
				]
			}
		}
	],
	"variable": [
		{
			"key": "baseUrl",
			"value": "https://localhost:7078"
		}
	]
}